"Reference","Value","Datasheet","Footprint","Qty","DNP"
"J1","Adafruit RGB Matrix Bonnet","~","Connector_PinHeader_2.54mm:PinHeader_2x20_P2.54mm_Vertical","1",""
"J2","HUD Connector","~","Connector_PinHeader_2.54mm:PinHeader_1x04_P2.54mm_Vertical","1",""
"J3","VCNL4040 Connector","~","Connector_PinHeader_2.54mm:PinHeader_1x04_P2.54mm_Vertical","1",""
"J4","Right Display","~","Connector_PinHeader_2.54mm:PinHeader_1x07_P2.54mm_Vertical","1",""
"J5","Left Display","~","Connector_PinHeader_2.54mm:PinHeader_1x07_P2.54mm_Vertical","1",""
"J7","Raspberry Pi 3 B+ Connector","~","Connector_PinSocket_2.54mm:PinSocket_2x20_P2.54mm_Vertical","1",""
