Ref,Val,Package,PosX,PosY,Rot,Side
"DISTANCE","VCNL4040 Connector","PinHeader_1x04_P2.54mm_Vertical",71.000000,-55.600000,0.000000,top
"HUD","HUD Connector","PinHeader_1x04_P2.54mm_Vertical",67.000000,-55.600000,0.000000,top
"J1","Adafruit RGB Matrix Bonnet","PinHeader_2x20_P2.54mm_Vertical",102.000000,-50.000000,0.000000,top
"L","Left Display","PinHeader_1x07_P2.54mm_Vertical",67.000000,-98.000000,180.000000,top
"R","Right Display","PinHeader_1x07_P2.54mm_Vertical",71.000000,-98.000000,180.000000,top
